Workbook

Sheet README
A1: Purpose
A2: Operator-style diagnostic to prioritize APAC market entry sequencing based on execution risk, learning velocity, and scalable upside.
A4: Decision Question
A5: Which markets should be entered first to maximize learning while minimizing irreversible risk?
A7: Usage
A8: Raw factors → weighted scorecard → entry sequencing.

Sheet Raw_Factors
A1: Country | B1: Market_Size | C1: Growth_Rate | D1: Regulatory_Predictability | E1: Fintech_Maturity | F1: Localization_Effort | G1: Competitive_Intensity | H1: GTM_Complexity
A2: Singapore | B2: 4 | C2: 4 | D2: 5 | E2: 5 | F2: 4 | G2: 3 | H2: 4
A3: Australia | B3: 4 | C3: 3 | D3: 4 | E3: 4 | F3: 4 | G3: 3 | H3: 4
A4: Japan | B4: 5 | C4: 3 | D4: 3 | E4: 4 | F4: 2 | G4: 4 | H4: 2
A5: South Korea | B5: 4 | C5: 4 | D5: 3 | E5: 4 | F5: 3 | G5: 4 | H5: 3
A6: Hong Kong | B6: 3 | C6: 2 | D6: 3 | E6: 4 | F6: 3 | G6: 4 | H6: 3

Sheet Weighted_Scorecard
A1: Country | B1: Market_Size | C1: Growth_Rate | D1: Regulatory_Predictability | E1: Fintech_Maturity | F1: Localization_Effort | G1: Competitive_Intensity | H1: GTM_Complexity | I1: Total_Weighted_Score | J1: Factor | K1: Weight
A2: =Raw_Factors!A2 -> Singapore | B2: =Raw_Factors!B2 -> 4 | C2: =Raw_Factors!C2 -> 4 | D2: =Raw_Factors!D2 -> 5 | E2: =Raw_Factors!E2 -> 5 | F2: =Raw_Factors!F2 -> 4 | G2: =Raw_Factors!G2 -> 3 | H2: =Raw_Factors!H2 -> 4 | I2: =(D2*$K$2) + (B2*$K$3) + (E2*$K$4) + (F2*$K$5) + (C2*$K$6) + (G2*$K$7) + (H2*$K$8) -> 4.3 | J2: Regulatory Predictability | K2: 0.25
A3: =Raw_Factors!A3 -> Australia | B3: =Raw_Factors!B3 -> 4 | C3: =Raw_Factors!C3 -> 3 | D3: =Raw_Factors!D3 -> 4 | E3: =Raw_Factors!E3 -> 4 | F3: =Raw_Factors!F3 -> 4 | G3: =Raw_Factors!G3 -> 3 | H3: =Raw_Factors!H3 -> 4 | I3: =(D3*$K$2) + (B3*$K$3) + (E3*$K$4) + (F3*$K$5) + (C3*$K$6) + (G3*$K$7) + (H3*$K$8) -> 3.8 | J3: Market Size | K3: 0.2
A4: =Raw_Factors!A4 -> Japan | B4: =Raw_Factors!B4 -> 5 | C4: =Raw_Factors!C4 -> 3 | D4: =Raw_Factors!D4 -> 3 | E4: =Raw_Factors!E4 -> 4 | F4: =Raw_Factors!F4 -> 2 | G4: =Raw_Factors!G4 -> 4 | H4: =Raw_Factors!H4 -> 2 | I4: =(D4*$K$2) + (B4*$K$3) + (E4*$K$4) + (F4*$K$5) + (C4*$K$6) + (G4*$K$7) + (H4*$K$8) -> 3.45 | J4: Fintech Maturity | K4: 0.15
A5: =Raw_Factors!A5 -> South Korea | B5: =Raw_Factors!B5 -> 4 | C5: =Raw_Factors!C5 -> 4 | D5: =Raw_Factors!D5 -> 3 | E5: =Raw_Factors!E5 -> 4 | F5: =Raw_Factors!F5 -> 3 | G5: =Raw_Factors!G5 -> 4 | H5: =Raw_Factors!H5 -> 3 | I5: =(D5*$K$2) + (B5*$K$3) + (E5*$K$4) + (F5*$K$5) + (C5*$K$6) + (G5*$K$7) + (H5*$K$8) -> 3.55 | J5: Localization Effort | K5: 0.15
A6: =Raw_Factors!A6 -> Hong Kong | B6: =Raw_Factors!B6 -> 3 | C6: =Raw_Factors!C6 -> 2 | D6: =Raw_Factors!D6 -> 3 | E6: =Raw_Factors!E6 -> 4 | F6: =Raw_Factors!F6 -> 3 | G6: =Raw_Factors!G6 -> 4 | H6: =Raw_Factors!H6 -> 3 | I6: =(D6*$K$2) + (B6*$K$3) + (E6*$K$4) + (F6*$K$5) + (C6*$K$6) + (G6*$K$7) + (H6*$K$8) -> 3.15 | J6: Growth Rate | K6: 0.1
J7: Competitive Intensity | K7: 0.1
J8: GTM Complexity | K8: 0.05
K9: =SUM(K2:K8) -> 1

Sheet Sequencing_View
A1: Country | B1: Total Score | C1: Entry_Wave | D1: Rationale
A2: =Weighted_Scorecard!A2 -> Singapore | B2: =Weighted_Scorecard!I2 -> 4.3 | C2: Wave 1 | D2: Regulatory clarity, fast learning
A3: =Weighted_Scorecard!A3 -> Australia | B3: =Weighted_Scorecard!I3 -> 3.8 | C3: Wave 1 | D3: English, scale, predictable
A4: =Weighted_Scorecard!A4 -> Japan | B4: =Weighted_Scorecard!I4 -> 3.45 | C4: Wave 2 | D4: High upside, localization heavy
A5: =Weighted_Scorecard!A5 -> South Korea | B5: =Weighted_Scorecard!I5 -> 3.55 | C5: Wave 2 | D5: Competitive, tech-savvy
A6: =Weighted_Scorecard!A6 -> Hong Kong | B6: =Weighted_Scorecard!I6 -> 3.15 | C6: Monitor | D6: Market uncertainty

Sheet Insights
A1: Insight 1 — Early Entry Prioritizes Predictability Over Scale
A2: Markets with clear regulatory environments enable faster learning and repeatable playbooks.
A4: Insight 2 — Localization Depth Is the Primary Sequencing Constraint
A5: Japan and South Korea offer upside but require operational maturity before entry.
A7: Insight 3 — Optionality Preserved Through Phased Expansion
A8: Sequencing reduces irreversible risk while maintaining access to future growth.
